"GEOID","suffix","n"
"01001","DR",351
"01003","LN",1660
"01005","RD",522
"01007","RD",378
"01009","RD",942
"01011","RD",174
"01013","RD",614
"01015","ST",929
"01017","ST",290
"01019","ST",185
"01021","ST",174
"01023","RD",670
"01025","RD",787
"01027","RD",601
"01029","ST",108
"01031","ST",377
"01033","ST",580
"01035","RD",392
"01037","RD",270
"01039","RD",1134
"01041","RD",584
"01043","RD",216
"01045","ST",442
"01047","ST",281
"01049","ST",304
"01051","RD",1113
"01053","RD",734
"01055","RD",942
"01057","RD",452
"01059","RD",637
"01061","RD",729
"01063","RD",179
"01065","RD",380
"01067","ST",153
"01069","RD",886
"01071","ST",435
"01073","DR",3476
"01075","RD",601
"01077","DR",557
"01079","ST",148
"01081","DR",572
"01083","RD",668
"01085","RD",432
"01087","RD",315
"01089","DR",1583
"01091","RD",259
"01093","RD",758
"01095","RD",1151
"01097","DR",2455
"01099","RD",784
"01101","DR",1202
"01103","SW",892
"01105","RD",271
"01107","RD",641
"01109","ST",256
"01111","DR",218
"01113","RD",498
"01115","RD",1022
"01117","DR",1577
"01119","RD",299
"01121","LN",1031
"01123","RD",1074
"01125","DR",1703
"01127","RD",1663
"01129","RD",978
"01131","RD",423
"01133","RD",303
"02013","RD",76
"02016","RD",100
"02020","CIR",1402
"02050","RD",243
"02060","RD",73
"02063","RD",135
"02066","RD",123
"02068","RD",137
"02070","RD",125
"02090","RD",788
"02100","RD",82
"02105","RD",47
"02110","ST",227
"02122","ST",1030
"02130","RD",123
"02150","ST",95
"02158","ST",108
"02164","RD",171
"02170","DR",1742
"02180","RD",209
"02185","ST",131
"02188","ST",98
"02195","ST",72
"02198","ST",160
"02220","ST",89
"02230","AVE",24
"02240","RD",212
"02275","ST",40
"02282","TRL",39
"02290","RD",331
"04001","RD",727
"04003","RD",2350
"04005","RD",1516
"04007","DR",811
"04009","RD",422
"04011","RD",203
"04012","RD",425
"04013","DR",24125
"04015","DR",3639
"04017","RD",1636
"04019","DR",4509
"04021","DR",3860
"04023","CT",726
"04025","RD",3087
"04027","ST",1258
"05001","RD",440
"05003","RD",393
"05005","LN",895
"05007","LN",2768
"05009","LN",476
"05011","RD",616
"05013","RD",64
"05015","RD",296
"05017","ST",309
"05019","RD",1010
"05021","ST",439
"05023","RD",550
"05025","RD",404
"05027","ST",400
"05029","RD",518
"05031","RD",1050
"05033","ST",456
"05035","RD",558
"05037","RD",174
"05039","ST",184
"05041","ST",308
"05043","RD",284
"05045","DR",1093
"05047","RD",396
"05049","LN",498
"05051","LN",1146
"05053","ST",154
"05055","RD",435
"05057","RD",471
"05059","RD",665
"05061","PVT",771
"05063","LN",593
"05065","RD",260
"05067","ST",330
"05069","ST",915
"05071","RD",373
"05073","ST",248
"05075","ST",449
"05077","ST",129
"05079","RD",283
"05081","ST",258
"05083","RD",488
"05085","RD",735
"05087","RD",82
"05089","LN",717
"05091","ST",520
"05093","ST",779
"05095","RD",228
"05097","RD",479
"05099","RD",347
"05101","RD",187
"05103","SW",217
"05105","LN",250
"05107","ST",248
"05109","RD",737
"05111","RD",379
"05113","RD",948
"05115","LN",724
"05117","RD",624
"05119","DR",2528
"05121","RD",418
"05123","ST",231
"05125","DR",1113
"05127","RD",582
"05129","RD",595
"05131","ST",1332
"05133","RD",347
"05135","RD",541
"05137","RD",417
"05139","RD",570
"05141","RD",674
"05143","RD",1616
"05145","RD",964
"05147","ST",162
"05149","RD",656
"06001","CT",3713
"06003","RD",115
"06005","RD",606
"06007","RD",1356
"06009","RD",998
"06011","RD",397
"06013","CT",6233
"06015","RD",316
"06017","RD",1931
"06019","AVE",10996
"06021","ST",224
"06023","RD",1943
"06025","RD",1325
"06027","RD",661
"06029","ST",5051
"06031","AVE",987
"06033","RD",1420
"06035","RD",761
"06037","AVE",20794
"06039","RD",651
"06041","RD",1000
"06043","RD",790
"06045","RD",1404
"06047","CT",1198
"06049","RD",853
"06051","RD",540
"06053","RD",1460
"06055","CT",528
"06057","RD",1576
"06059","DR",6619
"06061","CT",2722
"06063","RD",664
"06065","DR",7980
"06067","WAY",6333
"06069","RD",360
"06071","RD",11460
"06073","ST",6054
"06075","ST",1455
"06077","CT",2131
"06079","RD",2204
"06081","AVE",1857
"06083","RD",1572
"06085","CT",6082
"06087","RD",1496
"06089","RD",1913
"06091","RD",368
"06093","RD",1424
"06095","CT",2319
"06097","RD",2840
"06099","CT",1967
"06101","RD",405
"06103","RD",822
"06105","RD",1020
"06107","AVE",2870
"06109","RD",1242
"06111","ST",2572
"06113","ST",686
"06115","RD",410
"08001","ST",2634
"08003","ST",141
"08005","ST",2321
"08007","CT",312
"08009","ST",136
"08011","ST",82
"08013","DR",1234
"08014","ST",279
"08015","ST",197
"08017","S",32
"08019","RD",302
"08021","ST",140
"08023","RD",567
"08025","ST",57
"08027","RD",282
"08029","RD",800
"08031","ST",2490
"08033","ST",49
"08035","DR",1557
"08037","RD",670
"08039","CIR",225
"08041","DR",3272
"08043","ST",380
"08045","RD",316
"08047","RD",282
"08049","DR",295
"08051","RD",272
"08053","ST",41
"08055","RD",188
"08057","ST",33
"08059","ST",2975
"08061","ST",81
"08063","ST",146
"08065","ST",101
"08067","DR",537
"08069","DR",2764
"08071","ST",301
"08073","ST",94
"08075","ST",201
"08077","RD",1309
"08079","RD",92
"08081","ST",156
"08083","ST",245
"08085","RD",937
"08087","ST",235
"08089","ST",241
"08091","DR",104
"08093","RD",1019
"08095","AVE",73
"08097","RD",411
"08099","ST",236
"08101","DR",1260
"08103","ST",80
"08105","RD",177
"08107","LN",232
"08109","TRL",132
"08111","ST",64
"08113","RD",413
"08115","ST",57
"08117","RD",457
"08119","RD",446
"08121","AVE",58
"08123","ST",1538
"08125","ST",226
"09110","RD",4065
"09120","RD",1128
"09130","RD",1853
"09140","RD",1981
"09150","RD",1155
"09160","RD",1793
"09170","RD",2166
"09180","RD",1685
"09190","RD",3602
"10001","DR",1095
"10003","DR",2453
"10005","RD",2102
"11001","NW",1450
"12001","AVE",2245
"12003","RD",638
"12005","DR",942
"12007","ST",596
"12009","DR",2389
"12011","ST",6469
"12013","RD",528
"12015","AVE",1665
"12017","CT",1116
"12019","CT",957
"12021","DR",1249
"12023","RD",877
"12027","AVE",550
"12029","ST",923
"12031","DR",2930
"12033","DR",2043
"12035","LN",647
"12037","ST",376
"12039","RD",704
"12041","ST",276
"12043","RD",228
"12045","RD",389
"12047","ST",149
"12049","RD",428
"12051","ST",504
"12053","RD",1050
"12055","RD",1416
"12057","DR",5557
"12059","RD",461
"12061","AVE",782
"12063","RD",810
"12065","RD",396
"12067","RD",427
"12069","DR",1976
"12071","CT",3205
"12073","DR",1473
"12075","ST",897
"12077","RD",290
"12079","RD",473
"12081","E",3094
"12083","ST",2712
"12085","ST",564
"12086","ST",8356
"12087","DR",609
"12089","RD",867
"12091","DR",1201
"12093","ST",674
"12095","DR",4741
"12097","CT",1208
"12099","DR",4637
"12101","DR",3632
"12103","N",3958
"12105","DR",3366
"12107","ST",1184
"12109","DR",1202
"12111","ST",1243
"12113","RD",1316
"12115","DR",2522
"12117","CT",1760
"12119","ST",567
"12121","RD",606
"12123","RD",674
"12125","LN",208
"12127","DR",2663
"12129","RD",431
"12131","RD",1245
"12133","RD",763
"13001","RD",689
"13003","LN",269
"13005","RD",351
"13007","RD",287
"13009","RD",252
"13011","RD",355
"13013","DR",403
"13015","SE",514
"13017","RD",379
"13019","RD",637
"13021","DR",1034
"13023","RD",278
"13025","RD",617
"13027","RD",370
"13029","RD",393
"13031","RD",1033
"13033","RD",506
"13035","RD",365
"13037","RD",137
"13039","RD",445
"13043","RD",327
"13045","RD",802
"13047","LN",828
"13049","RD",357
"13051","ST",1224
"13053","RD",262
"13055","RD",437
"13057","DR",1236
"13059","DR",557
"13061","RD",163
"13063","DR",1198
"13065","RD",345
"13067","DR",2862
"13069","RD",962
"13071","RD",628
"13073","DR",771
"13075","RD",312
"13077","DR",736
"13079","RD",221
"13081","RD",309
"13083","RD",271
"13085","RD",398
"13087","RD",571
"13089","DR",2161
"13091","RD",465
"13093","RD",395
"13095","AVE",437
"13097","DR",829
"13099","RD",351
"13101","RD",229
"13103","DR",452
"13105","RD",427
"13107","RD",586
"13109","RD",364
"13111","RD",1011
"13113","DR",538
"13115","ST",376
"13117","DR",1204
"13119","RD",586
"13121","DR",2085
"13123","RD",934
"13125","RD",178
"13127","DR",675
"13129","SE",357
"13131","RD",266
"13133","RD",383
"13135","CT",2642
"13137","RD",661
"13139","DR",1349
"13141","RD",499
"13143","RD",579
"13145","RD",414
"13147","RD",875
"13149","RD",306
"13151","DR",1207
"13153","DR",998
"13155","RD",344
"13157","RD",624
"13159","RD",354
"13161","RD",485
"13163","RD",379
"13165","RD",354
"13167","RD",285
"13169","RD",382
"13171","RD",269
"13173","RD",254
"13175","RD",761
"13177","RD",186
"13179","RD",488
"13181","RD",226
"13183","RD",329
"13185","DR",630
"13187","RD",597
"13189","RD",250
"13191","RD",354
"13193","RD",345
"13195","RD",639
"13197","RD",256
"13199","RD",477
"13201","RD",242
"13205","RD",364
"13207","RD",338
"13209","RD",210
"13211","RD",272
"13213","RD",419
"13215","DR",1181
"13217","DR",452
"13219","RD",346
"13221","RD",393
"13223","DR",850
"13225","RD",253
"13227","RD",498
"13229","RD",452
"13231","RD",349
"13233","RD",558
"13235","RD",308
"13237","DR",212
"13239","RD",118
"13241","LN",1204
"13243","RD",234
"13245","DR",1183
"13247","SE",654
"13249","RD",143
"13251","RD",420
"13253","RD",210
"13255","RD",412
"13257","RD",627
"13259","RD",196
"13261","RD",351
"13263","RD",311
"13265","RD",63
"13267","RD",826
"13269","RD",399
"13271","RD",258
"13273","RD",208
"13275","ST",574
"13277","RD",531
"13279","RD",502
"13281","RD",536
"13283","RD",272
"13285","RD",444
"13287","RD",264
"13289","RD",274
"13291","RD",972
"13293","RD",345
"13295","RD",650
"13297","DR",468
"13299","ST",494
"13301","RD",203
"13303","RD",404
"13305","RD",587
"13307","RD",181
"13309","RD",174
"13311","DR",669
"13313","DR",896
"13315","RD",309
"13317","RD",262
"13319","RD",299
"13321","RD",438
"15001","ST",1416
"15003","ST",3802
"15005","ST",19
"15007","RD",605
"15009","PL",1162
"16001","ST",3336
"16003","RD",239
"16005","RD",579
"16007","RD",229
"16009","RD",339
"16011","RD",691
"16013","RD",457
"16015","RD",677
"16017","RD",1483
"16019","DR",765
"16021","RD",482
"16023","N",70
"16025","RD",120
"16027","ST",1011
"16029","RD",388
"16031","RD",295
"16033","RD",167
"16035","RD",459
"16037","RD",317
"16039","RD",645
"16041","RD",164
"16043","RD",478
"16045","RD",137
"16047","E",166
"16049","RD",1007
"16051","N",380
"16053","E",177
"16055","RD",1521
"16057","RD",524
"16059","RD",951
"16061","RD",229
"16063","RD",147
"16065","RD",176
"16067","RD",245
"16069","RD",465
"16071","RD",167
"16073","RD",437
"16075","ST",173
"16077","RD",342
"16079","RD",465
"16081","RD",306
"16083","N",444
"16085","RD",472
"16087","RD",223
"17001","ST",1105
"17003","RD",254
"17005","ST",430
"17007","DR",245
"17009","E",201
"17011","ST",1637
"17013","RD",181
"17015","ST",379
"17017","RD",385
"17019","DR",1383
"17021","ST",734
"17023","ST",627
"17025","E",316
"17027","ST",649
"17029","ST",491
"17031","AVE",11948
"17033","ST",658
"17035","ST",188
"17037","ST",740
"17039","RD",733
"17041","ST",374
"17043","CT",3368
"17045","ST",648
"17047","ST",198
"17049","ST",738
"17051","ST",530
"17053","RD",330
"17055","ST",1155
"17057","RD",887
"17059","RD",226
"17061","ST",309
"17063","ST",488
"17065","N",335
"17067","ST",639
"17069","ST",83
"17071","ST",268
"17073","ST",1068
"17075","RD",1082
"17077","RD",942
"17079","ST",473
"17081","RD",637
"17083","RD",391
"17085","RD",519
"17087","LN",281
"17089","DR",1744
"17091","RD",815
"17093","DR",544
"17095","ST",857
"17097","CT",2788
"17099","ST",1653
"17101","ST",256
"17103","RD",497
"17105","RD",667
"17107","ST",989
"17109","ST",824
"17111","DR",1755
"17113","RD",1398
"17115","ST",910
"17117","ST",1314
"17119","ST",1899
"17121","ST",727
"17123","ST",328
"17125","ST",457
"17127","RD",234
"17129","ST",385
"17131","ST",549
"17133","RD",379
"17135","ST",799
"17137","RD",594
"17139","ST",359
"17141","RD",697
"17143","ST",947
"17145","RD",556
"17147","ST",476
"17149","ST",873
"17151","RD",211
"17153","RD",227
"17155","ST",223
"17157","ST",782
"17159","N",279
"17161","AVE",1102
"17163","DR",2249
"17165","RD",559
"17167","ST",1370
"17169","RD",327
"17171","RD",227
"17173","ST",515
"17175","ST",161
"17177","RD",572
"17179","ST",1221
"17181","LN",342
"17183","RD",1424
"17185","ST",161
"17187","ST",693
"17189","ST",536
"17191","ST",289
"17193","ST",438
"17195","RD",624
"17197","DR",3205
"17199","ST",1072
"17201","DR",1331
"17203","ST",620
"18001","ST",317
"18003","DR",2131
"18005","DR",616
"18007","ST",251
"18009","ST",237
"18011","ST",338
"18013","RD",383
"18015","ST",316
"18017","ST",438
"18019","DR",721
"18021","ST",474
"18023","ST",448
"18025","RD",361
"18027","ST",361
"18029","LN",501
"18031","ST",262
"18033","ST",425
"18035","ST",778
"18037","ST",495
"18039","DR",1169
"18041","ST",203
"18043","DR",574
"18045","ST",423
"18047","RD",481
"18049","ST",261
"18051","ST",532
"18053","ST",964
"18055","ST",491
"18057","DR",2248
"18059","DR",530
"18061","NE",499
"18063","DR",1222
"18065","ST",535
"18067","ST",509
"18069","ST",429
"18071","ST",364
"18073","ST",300
"18075","ST",358
"18077","RD",327
"18079","W",268
"18081","DR",1005
"18083","RD",742
"18085","ST",811
"18087","E",264
"18089","ST",2830
"18091","ST",802
"18093","RD",672
"18095","ST",1391
"18097","DR",4582
"18099","RD",688
"18101","RD",278
"18103","ST",461
"18105","DR",829
"18107","ST",411
"18109","RD",631
"18111","ST",281
"18113","ST",490
"18115","RD",103
"18117","ST",362
"18119","RD",590
"18121","ST",271
"18123","RD",465
"18125","ST",276
"18127","DR",940
"18129","RD",503
"18131","W",265
"18133","ST",285
"18135","ST",422
"18137","ST",284
"18139","ST",285
"18141","ST",1510
"18143","RD",245
"18145","ST",349
"18147","N",343
"18149","ST",309
"18151","LAKE",394
"18153","ST",516
"18155","RD",337
"18157","DR",870
"18159","ST",227
"18161","RD",158
"18163","DR",1040
"18165","ST",386
"18167","ST",1273
"18169","ST",403
"18171","ST",175
"18173","RD",585
"18175","RD",634
"18177","ST",727
"18179","ST",262
"18181","ST",388
"18183","ST",210
"19001","ST",367
"19003","ST",179
"19005","RD",285
"19007","ST",590
"19009","ST",247
"19011","ST",363
"19013","ST",850
"19015","ST",531
"19017","ST",363
"19019","ST",424
"19021","ST",395
"19023","ST",519
"19025","ST",355
"19027","ST",519
"19029","ST",412
"19031","ST",473
"19033","ST",385
"19035","ST",340
"19037","ST",317
"19039","ST",341
"19041","ST",348
"19043","ST",545
"19045","ST",578
"19047","ST",433
"19049","ST",896
"19051","ST",505
"19053","ST",586
"19055","ST",560
"19057","ST",672
"19059","ST",380
"19061","ST",582
"19063","ST",263
"19065","ST",467
"19067","ST",300
"19069","ST",332
"19071","ST",366
"19073","ST",410
"19075","ST",309
"19077","ST",439
"19079","ST",363
"19081","ST",271
"19083","ST",524
"19085","ST",498
"19087","ST",603
"19089","ST",224
"19091","ST",261
"19093","ST",228
"19095","ST",439
"19097","ST",620
"19099","ST",461
"19101","ST",382
"19103","NE",644
"19105","ST",495
"19107","ST",678
"19109","ST",503
"19111","ST",572
"19113","NE",764
"19115","ST",458
"19117","ST",349
"19119","ST",273
"19121","ST",356
"19123","ST",602
"19125","ST",633
"19127","ST",565
"19129","ST",338
"19131","ST",378
"19133","ST",451
"19135","ST",282
"19137","ST",382
"19139","ST",703
"19141","ST",286
"19143","ST",174
"19145","ST",620
"19147","ST",325
"19149","ST",348
"19151","ST",299
"19153","ST",2840
"19155","ST",987
"19157","ST",585
"19159","ST",363
"19161","ST",427
"19163","ST",1553
"19165","ST",375
"19167","ST",346
"19169","ST",699
"19171","ST",639
"19173","ST",419
"19175","ST",443
"19177","ST",425
"19179","ST",624
"19181","ST",729
"19183","ST",453
"19185","ST",454
"19187","ST",648
"19189","ST",233
"19191","ST",400
"19193","ST",1332
"19195","ST",244
"19197","ST",293
"20001","ST",581
"20003","RD",534
"20005","RD",459
"20007","RD",312
"20009","ST",404
"20011","ST",635
"20013","ST",439
"20015","ST",999
"20017","RD",293
"20019","ST",191
"20021","ST",611
"20023","ST",76
"20025","ST",123
"20027","RD",251
"20029","RD",373
"20031","ST",343
"20033","ST",79
"20035","RD",741
"20037","ST",982
"20039","RD",98
"20041","ST",466
"20043","RD",403
"20045","RD",1100
"20047","AVE",173
"20049","ST",204
"20051","ST",394
"20053","RD",186
"20055","RD",338
"20057","RD",492
"20059","ST",386
"20061","ST",237
"20063","ST",117
"20065","AVE",247
"20067","ST",97
"20069","RD",211
"20071","RD",61
"20073","ST",727
"20075","ST",80
"20077","AVE",264
"20079","ST",494
"20081","AVE",54
"20083","RD",265
"20085","RD",409
"20087","ST",536
"20089","RD",374
"20091","ST",7402
"20093","ST",63
"20095","ST",379
"20097","ST",333
"20099","RD",397
"20101","RD",80
"20103","ST",1185
"20105","RD",113
"20107","RD",499
"20109","AVE",59
"20111","ST",367
"20113","ST",475
"20115","ST",529
"20117","RD",426
"20119","RD",291
"20121","ST",610
"20123","RD",329
"20125","ST",784
"20127","ST",254
"20129","ST",74
"20131","RD",681
"20133","RD",312
"20135","RD",372
"20137","ST",119
"20139","ST",602
"20141","AVE",255
"20143","RD",445
"20145","ST",126
"20147","RD",411
"20149","RD",562
"20151","ST",355
"20153","ST",57
"20155","RD",758
"20157","RD",225
"20159","ST",207
"20161","RD",481
"20163","RD",316
"20165","ST",142
"20167","ST",513
"20169","RD",533
"20171","RD",101
"20173","ST",4427
"20175","RD",143
"20177","ST",1464
"20179","S",142
"20181","ST",73
"20183","RD",374
"20185","ST",197
"20187","AVE",43
"20189","ST",110
"20191","ST",517
"20193","ST",132
"20195","AVE",169
"20197","RD",401
"20199","RD",120
"20201","RD",366
"20203","ST",113
"20205","RD",553
"20207","RD",378
"20209","ST",2220
"21001","RD",1135
"21003","RD",632
"21005","RD",223
"21007","RD",280
"21009","RD",772
"21011","RD",408
"21013","RD",1084
"21015","DR",704
"21017","RD",194
"21019","ST",526
"21021","RD",218
"21023","RD",240
"21025","RD",563
"21027","RD",879
"21029","DR",532
"21031","RD",714
"21033","RD",514
"21035","DR",635
"21037","DR",340
"21039","RD",100
"21041","RD",126
"21043","RD",1097
"21045","RD",589
"21047","RD",789
"21049","LN",227
"21051","RD",895
"21053","RD",404
"21055","RD",490
"21057","RD",648
"21059","RD",475
"21061","RD",462
"21063","RD",542
"21065","RD",523
"21067","DR",1028
"21069","RD",345
"21071","RD",845
"21073","DR",326
"21075","ST",157
"21077","RD",108
"21079","RD",313
"21081","RD",297
"21083","RD",586
"21085","RD",847
"21087","RD",752
"21089","RD",807
"21091","RD",198
"21093","CT",575
"21095","RD",1088
"21097","RD",283
"21099","RD",574
"21101","RD",380
"21103","RD",307
"21105","RD",282
"21107","RD",553
"21109","RD",661
"21111","CT",2639
"21113","DR",379
"21115","RD",526
"21117","DR",821
"21119","RD",511
"21121","RD",856
"21123","RD",400
"21125","RD",1366
"21127","RD",634
"21129","RD",532
"21131","RD",555
"21133","RD",782
"21135","RD",416
"21137","RD",477
"21139","RD",407
"21141","RD",955
"21143","RD",357
"21145","DR",488
"21147","RD",1426
"21149","RD",202
"21151","DR",831
"21153","RD",921
"21155","RD",454
"21157","RD",631
"21159","RD",412
"21161","RD",181
"21163","RD",443
"21165","RD",403
"21167","RD",233
"21169","RD",550
"21171","RD",649
"21173","DR",200
"21175","RD",969
"21177","LN",500
"21179","RD",287
"21181","RD",204
"21183","RD",474
"21185","CT",424
"21187","RD",276
"21189","RD",408
"21191","RD",336
"21193","LN",642
"21195","RD",965
"21197","RD",350
"21199","RD",1589
"21201","RD",103
"21203","RD",617
"21205","RD",638
"21207","RD",736
"21209","DR",290
"21211","RD",307
"21213","RD",312
"21215","RD",204
"21217","RD",600
"21219","RD",446
"21221","RD",566
"21223","RD",232
"21225","RD",378
"21227","RD",594
"21229","LN",207
"21231","RD",695
"21233","RD",358
"21235","RD",922
"21237","RD",467
"21239","RD",161
"22001","RD",572
"22003","RD",724
"22005","RD",1035
"22007","ST",319
"22009","RD",454
"22011","RD",1615
"22013","RD",690
"22015","RD",648
"22017","ST",1667
"22019","ST",1851
"22021","RD",554
"22023","RD",413
"22025","RD",540
"22027","RD",589
"22029","RD",372
"22031","RD",718
"22033","DR",2742
"22035","RD",174
"22037","LN",216
"22039","RD",654
"22041","RD",586
"22043","RD",582
"22045","ST",805
"22047","ST",379
"22049","RD",603
"22051","ST",1954
"22053","RD",506
"22055","DR",1850
"22057","ST",1202
"22059","RD",1051
"22061","RD",501
"22063","RD",977
"22065","ST",211
"22067","RD",582
"22069","RD",1067
"22071","ST",1886
"22073","RD",994
"22075","LN",526
"22077","ST",228
"22079","RD",1460
"22081","RD",302
"22083","RD",602
"22085","RD",789
"22087","DR",297
"22089","ST",324
"22091","LN",428
"22093","ST",430
"22095","ST",336
"22097","RD",1125
"22099","RD",571
"22101","ST",1169
"22103","RD",1834
"22105","RD",1466
"22107","RD",160
"22109","ST",884
"22111","RD",1048
"22113","RD",1130
"22115","RD",1603
"22117","RD",1307
"22119","RD",717
"22121","LN",202
"22123","RD",332
"22125","RD",217
"22127","RD",934
"23001","RD",1092
"23003","RD",2238
"23005","RD",3868
"23007","RD",1648
"23009","RD",2592
"23011","RD",2027
"23013","RD",1139
"23015","RD",1767
"23017","RD",2421
"23019","RD",2315
"23021","RD",1311
"23023","RD",675
"23025","RD",1877
"23027","RD",1348
"23029","RD",1688
"23031","RD",2762
"24001","ST",667
"24003","RD",3473
"24005","RD",4029
"24009","RD",649
"24011","RD",397
"24013","DR",1552
"24015","RD",831
"24017","PL",1563
"24019","RD",543
"24021","CT",1456
"24023","RD",693
"24025","CT",1581
"24027","CT",1371
"24029","RD",411
"24031","CT",2572
"24033","CT",2444
"24035","LN",633
"24037","LN",1209
"24039","RD",403
"24041","RD",633
"24043","RD",718
"24045","DR",525
"24047","RD",588
"24510","AVE",1914
"25001","RD",4333
"25003","RD",1638
"25005","ST",4286
"25007","RD",745
"25009","ST",4700
"25011","RD",1360
"25013","ST",3347
"25015","RD",964
"25017","ST",7831
"25019","RD",349
"25021","ST",3675
"25023","ST",3076
"25025","ST",3460
"25027","ST",5428
"26001","RD",586
"26003","RD",722
"26005","ST",1177
"26007","RD",513
"26009","RD",625
"26011","RD",506
"26013","RD",577
"26015","RD",706
"26017","RD",729
"26019","RD",559
"26021","ST",1156
"26023","RD",556
"26025","ST",822
"26027","ST",730
"26029","RD",688
"26031","RD",934
"26033","RD",1295
"26035","RD",624
"26037","RD",582
"26039","RD",653
"26041","RD",718
"26043","RD",472
"26045","DR",567
"26047","RD",586
"26049","DR",2316
"26051","RD",549
"26053","RD",585
"26055","DR",776
"26057","RD",531
"26059","RD",501
"26061","RD",854
"26063","RD",551
"26065","ST",1051
"26067","ST",586
"26069","RD",804
"26071","RD",567
"26073","RD",523
"26075","RD",1101
"26077","ST",1360
"26079","NE",389
"26081","SE",3694
"26083","RD",214
"26085","RD",700
"26087","RD",702
"26089","RD",638
"26091","ST",624
"26093","DR",1764
"26095","RD",310
"26097","RD",561
"26099","DR",5336
"26101","RD",786
"26103","RD",829
"26105","RD",744
"26107","AVE",479
"26109","RD",472
"26111","RD",627
"26113","RD",700
"26115","DR",765
"26117","RD",1118
"26119","RD",567
"26121","RD",1026
"26123","ST",817
"26125","DR",6709
"26127","RD",666
"26129","RD",743
"26131","RD",346
"26133","RD",579
"26135","RD",544
"26137","RD",506
"26139","DR",1541
"26141","RD",453
"26143","RD",689
"26145","ST",1232
"26147","ST",731
"26149","RD",672
"26151","RD",712
"26153","RD",402
"26155","ST",600
"26157","RD",765
"26159","ST",934
"26161","DR",1748
"26163","ST",9211
"26165","RD",862
"27001","PL",549
"27003","NE",3415
"27005","RD",562
"27007","NE",995
"27009","NE",469
"27011","ST",271
"27013","ST",826
"27015","ST",401
"27017","RD",722
"27019","DR",399
"27021","NW",1135
"27023","ST",136
"27025","ST",699
"27027","S",797
"27029","ST",216
"27031","RD",350
"27033","ST",231
"27035","RD",1043
"27037","CT",1279
"27039","ST",259
"27041","NW",381
"27043","ST",471
"27045","ST",488
"27047","ST",548
"27049","ST",612
"27051","ST",283
"27053","N",5314
"27055","RD",295
"27057","DR",553
"27059","NW",722
"27061","RD",1201
"27063","ST",296
"27065","ST",280
"27067","NE",435
"27069","ST",166
"27071","RD",157
"27073","ST",343
"27075","RD",577
"27077","NW",287
"27079","ST",431
"27081","ST",252
"27083","ST",601
"27085","ST",269
"27087","AVE",168
"27089","NW",388
"27091","ST",489
"27093","ST",510
"27095","ST",363
"27097","ST",455
"27099","ST",537
"27101","ST",293
"27103","ST",278
"27105","AVE",341
"27107","ST",229
"27109","NW",1332
"27111","AVE",1235
"27113","NE",187
"27115","RD",954
"27117","ST",173
"27119","SE",773
"27121","ST",420
"27123","ST",1796
"27125","SE",169
"27127","ST",487
"27129","ST",320
"27131","AVE",395
"27133","ST",398
"27135","AVE",442
"27137","RD",3326
"27139","ST",380
"27141","NW",1215
"27143","ST",382
"27145","ST",923
"27147","NE",239
"27149","ST",252
"27151","SW",192
"27153","AVE",411
"27155","ST",156
"27157","ST",472
"27159","AVE",255
"27161","ST",301
"27163","N",2392
"27165","ST",181
"27167","AVE",242
"27169","ST",395
"27171","NE",1102
"27173","ST",250
"28001","RD",419
"28003","ST",221
"28005","RD",355
"28007","RD",162
"28009","RD",355
"28011","RD",599
"28013","ST",188
"28015","RD",203
"28017","ST",158
"28019","RD",449
"28021","RD",268
"28023","ST",142
"28025","RD",455
"28027","RD",370
"28029","LN",505
"28031","RD",502
"28033","DR",1511
"28035","RD",631
"28037","RD",284
"28039","RD",678
"28041","RD",630
"28043","RD",529
"28045","ST",926
"28047","DR",1402
"28049","DR",1478
"28051","RD",505
"28053","RD",388
"28055","RD",188
"28057","RD",857
"28059","RD",1042
"28061","ST",69
"28063","RD",382
"28065","RD",414
"28067","RD",1286
"28069","RD",788
"28071","DR",285
"28073","RD",851
"28075","RD",705
"28077","LN",365
"28079","RD",608
"28081","DR",768
"28083","ST",324
"28085","SE",275
"28087","RD",664
"28089","DR",723
"28091","LN",416
"28093","RD",543
"28095","RD",493
"28097","RD",268
"28099","RD",131
"28101","RD",512
"28103","RD",370
"28105","RD",574
"28107","RD",652
"28109","RD",1250
"28111","RD",486
"28113","RD",495
"28115","RD",303
"28117","ST",181
"28119","RD",405
"28121","DR",1267
"28123","RD",566
"28125","RD",199
"28127","RD",993
"28129","ST",84
"28131","RD",568
"28133","RD",540
"28135","RD",326
"28137","RD",439
"28139","ST",138
"28141","ST",188
"28143","RD",279
"28145","DR",120
"28147","RD",576
"28149","DR",430
"28151","ST",609
"28153","DR",512
"28155","RD",345
"28157","LN",210
"28159","RD",594
"28161","RD",227
"28163","RD",404
"29001","ST",373
"29003","ST",238
"29005","ST",393
"29007","ST",406
"29009","RD",358
"29011","RD",249
"29013","ST",410
"29015","RD",738
"29017","ST",103
"29019","DR",1349
"29021","ST",877
"29023","LN",379
"29025","DR",294
"29027","DR",390
"29029","DR",1653
"29031","LN",760
"29033","ST",268
"29035","ST",103
"29037","ST",1578
"29039","RD",1171
"29041","RD",350
"29043","RD",904
"29045","ST",228
"29047","ST",2649
"29049","ST",449
"29051","DR",581
"29053","ST",192
"29055","RD",470
"29057","ST",187
"29059","RD",411
"29061","ST",591
"29063","RD",416
"29065","ST",170
"29067","AVE",79
"29069","ST",703
"29071","DR",1239
"29073","RD",404
"29075","ST",485
"29077","ST",2011
"29079","ST",550
"29081","ST",509
"29083","RD",795
"29085","ST",105
"29087","ST",189
"29089","ST",185
"29091","ST",376
"29093","RD",215
"29095","ST",5482
"29097","ST",1191
"29099","DR",3193
"29101","RD",1197
"29103","ST",129
"29105","DR",445
"29107","ST",589
"29109","ST",497
"29111","ST",513
"29113","DR",692
"29115","ST",414
"29117","ST",300
"29119","RD",591
"29121","ST",588
"29123","ST",108
"29125","ST",61
"29127","ST",380
"29129","ST",262
"29131","RD",777
"29133","ST",353
"29135","RD",365
"29137","ST",195
"29139","RD",453
"29141","RD",1040
"29143","ST",398
"29145","LN",715
"29147","ST",896
"29149","ST",135
"29151","LN",413
"29153","DR",124
"29155","ST",363
"29157","LN",265
"29159","RD",567
"29161","RD",341
"29163","ST",332
"29165","ST",1007
"29167","RD",1176
"29169","LN",466
"29171","ST",251
"29173","RD",177
"29175","ST",353
"29177","ST",605
"29179","ST",69
"29181","ST",125
"29183","DR",4007
"29185","RD",630
"29186","RD",274
"29187","ST",802
"29189","DR",8281
"29195","AVE",396
"29197","ST",181
"29199","ST",126
"29201","ST",535
"29203","ST",119
"29205","ST",224
"29207","ST",515
"29209","LN",1013
"29211","RD",338
"29213","RD",899
"29215","RD",424
"29217","RD",1560
"29219","DR",687
"29221","RD",982
"29223","ST",195
"29225","RD",538
"29227","ST",137
"29229","RD",411
"29510","AVE",1439
"30001","RD",532
"30003","RD",326
"30005","RD",462
"30007","PVT1",404
"30009","RD",619
"30011","RD",273
"30013","RD",434
"30015","RD",510
"30017","ST",175
"30019","RD",234
"30021","ST",117
"30023","RD",183
"30025","RD",84
"30027","RD",441
"30029","RD",1139
"30031","RD",1250
"30033","RD",176
"30035","RD",336
"30037","RD",135
"30039","RD",390
"30041","RD",236
"30043","RD",580
"30045","RD",426
"30047","LN",819
"30049","RD",879
"30051","RD",152
"30053","RD",1023
"30055","RD",175
"30057","RD",573
"30059","RD",228
"30061","RD",286
"30063","RD",879
"30065","RD",295
"30067","RD",560
"30069","RD",72
"30071","RD",213
"30073","RD",401
"30075","RD",258
"30077","RD",498
"30079","RD",95
"30081","LN",879
"30083","ST",54
"30085","ST",111
"30087","RD",343
"30089","RD",594
"30091","RD",265
"30093","ST",512
"30095","RD",497
"30097","RD",176
"30099","NE",245
"30101","RD",307
"30103","RD",90
"30105","RD",512
"30107","RD",196
"30109","RD",83
"30111","DR",929
"31001","AVE",415
"31003","RD",265
"31005","RD",47
"31007","RD",19
"31009","RD",54
"31011","ST",399
"31013","ST",130
"31015","RD",170
"31017","ST",114
"31019","RD",548
"31021","ST",190
"31023","ST",255
"31025","ST",576
"31027","AVE",260
"31029","AVE",160
"31031","RD",230
"31033","ST",156
"31035","ST",267
"31037","ST",218
"31039","ST",183
"31041","RD",406
"31043","ST",358
"31045","RD",249
"31047","ST",331
"31049","ST",44
"31051","AVE",244
"31053","ST",474
"31055","ST",5569
"31057","RD",73
"31059","ST",229
"31061","RD",357
"31063","ST",98
"31065","ST",189
"31067","ST",518
"31069","ST",52
"31071","AVE",102
"31073","ST",24
"31075","LN",65
"31077","AVE",153
"31079","ST",501
"31081","RD",211
"31083","RD",424
"31085","ST",26
"31087","ST",104
"31089","RD",483
"31091","AVE",32
"31093","AVE",180
"31095","ST",196
"31097","RD",137
"31099","RD",167
"31101","ST",228
"31103","RD",110
"31105","ST",148
"31107","AVE",348
"31109","ST",2905
"31111","RD",882
"31113","ST",26
"31115","RD",74
"31117","RD",57
"31119","ST",365
"31121","RD",280
"31123","ST",122
"31125","ST",349
"31127","ST",211
"31129","ST",199
"31131","RD",349
"31133","ST",158
"31135","ST",47
"31137","RD",174
"31139","ST",209
"31141","ST",533
"31143","ST",129
"31145","ST",201
"31147","ST",268
"31149","RD",127
"31151","ST",291
"31153","ST",1665
"31155","ST",469
"31157","ST",376
"31159","ST",269
"31161","RD",308
"31163","RD",275
"31165","RD",259
"31167","RD",166
"31169","ST",217
"31171","ST",40
"31173","RD",183
"31175","RD",219
"31177","LN",288
"31179","ST",140
"31181","ST",139
"31183","AVE",88
"31185","ST",209
"32001","RD",274
"32003","ST",11390
"32005","CT",446
"32007","ST",530
"32009","RD",106
"32011","ST",139
"32013","RD",488
"32015","RD",157
"32017","RD",354
"32019","ST",413
"32021","RD",183
"32023","ST",1047
"32027","RD",333
"32029","RD",158
"32031","CT",2656
"32033","ST",208
"32510","DR",391
"33001","RD",1317
"33003","RD",2288
"33005","RD",1649
"33007","RD",1387
"33009","RD",2859
"33011","RD",3226
"33013","RD",2316
"33015","RD",2931
"33017","RD",1052
"33019","RD",1370
"34001","AVE",2635
"34003","AVE",2797
"34005","RD",1865
"34007","AVE",3025
"34009","AVE",1078
"34011","RD",651
"34013","ST",1470
"34015","AVE",1520
"34017","ST",921
"34019","RD",1260
"34021","AVE",1115
"34023","ST",2273
"34025","DR",2231
"34027","RD",2660
"34029","DR",2627
"34031","AVE",1073
"34033","RD",512
"34035","RD",1262
"34037","RD",1441
"34039","AVE",1387
"34041","RD",833
"35001","NE",4501
"35003","RD",346
"35005","RD",1242
"35006","RD",878
"35007","RD",439
"35009","ST",365
"35011","RD",318
"35013","RD",1445
"35015","RD",839
"35017","RD",794
"35019","RD",279
"35021","RD",245
"35023","RD",409
"35025","ST",770
"35027","RD",601
"35028","ST",160
"35029","RD",738
"35031","RD",1196
"35033","RD",163
"35035","RD",762
"35037","ST",218
"35039","RD",387
"35041","ST",158
"35043","NE",1727
"35045","ST",457
"35047","RD",497
"35049","RD",1318
"35051","RD",501
"35053","RD",443
"35055","RD",1210
"35057","RD",674
"35059","RD",449
"35061","RD",911
"36001","RD",1388
"36003","RD",1366
"36005","AVE",1011
"36007","RD",1345
"36009","RD",1660
"36011","RD",1115
"36013","RD",1269
"36015","RD",668
"36017","RD",1124
"36019","RD",1016
"36021","RD",1485
"36023","RD",700
"36025","RD",1981
"36027","RD",2268
"36029","DR",1970
"36031","RD",1032
"36033","RD",1228
"36035","RD",690
"36037","RD",591
"36039","RD",1246
"36041","RD",552
"36043","RD",1233
"36045","RD",1511
"36047","ST",1474
"36049","RD",992
"36051","RD",818
"36053","RD",1086
"36055","DR",2499
"36057","RD",676
"36059","AVE",3597
"36061","ST",763
"36063","ST",826
"36065","RD",1961
"36067","RD",1938
"36069","RD",800
"36071","RD",2500
"36073","RD",433
"36075","RD",1032
"36077","RD",1624
"36079","RD",1373
"36081","ST",2695
"36083","RD",1503
"36085","AVE",1383
"36087","CT",1046
"36089","RD",2043
"36091","RD",1506
"36093","RD",552
"36095","RD",1186
"36097","RD",686
"36099","RD",518
"36101","RD",2303
"36103","RD",4897
"36105","RD",2473
"36107","RD",890
"36109","RD",902
"36111","RD",2692
"36113","RD",1292
"36115","RD",934
"36117","RD",925
"36119","RD",3517
"36121","RD",594
"36123","RD",657
"37001","DR",1111
"37003","LN",643
"37005","LN",516
"37007","RD",568
"37009","RD",863
"37011","LN",801
"37013","RD",668
"37015","RD",257
"37017","RD",608
"37019","SW",1777
"37021","RD",2773
"37023","RD",753
"37025","NW",921
"37027","LN",759
"37029","RD",139
"37031","DR",720
"37033","RD",482
"37035","DR",1043
"37037","RD",990
"37039","RD",1169
"37041","RD",146
"37043","DR",259
"37045","DR",1066
"37047","RD",610
"37049","RD",733
"37051","DR",2464
"37053","RD",335
"37055","RD",479
"37057","DR",1447
"37059","LN",522
"37061","LN",971
"37063","DR",1519
"37065","LN",516
"37067","DR",2311
"37069","DR",613
"37071","DR",1757
"37073","LN",121
"37075","RD",353
"37077","RD",471
"37079","RD",243
"37081","DR",2893
"37083","ST",522
"37085","LN",1245
"37087","DR",1402
"37089","DR",1780
"37091","RD",284
"37093","RD",530
"37095","RD",185
"37097","LN",1816
"37099","RD",1797
"37101","DR",1319
"37103","LN",253
"37105","DR",418
"37107","RD",658
"37109","LN",903
"37111","DR",1246
"37113","RD",1940
"37115","RD",988
"37117","RD",348
"37119","DR",5133
"37121","RD",521
"37123","DR",454
"37125","RD",1124
"37127","RD",795
"37129","DR",1346
"37131","ST",292
"37133","CT",991
"37135","RD",1078
"37137","RD",301
"37139","DR",287
"37141","RD",573
"37143","RD",151
"37145","RD",738
"37147","DR",1027
"37149","LN",487
"37151","RD",1197
"37153","RD",630
"37155","RD",1725
"37157","RD",1073
"37159","RD",1053
"37161","RD",921
"37163","LN",1058
"37165","RD",398
"37167","RD",735
"37169","RD",1267
"37171","LN",1790
"37173","RD",802
"37175","RD",1031
"37177","RD",112
"37179","DR",1218
"37181","LN",513
"37183","DR",6142
"37185","RD",547
"37187","RD",167
"37189","RD",1339
"37191","DR",895
"37193","RD",1325
"37195","RD",418
"37197","RD",758
"37199","RD",758
"38001","NE",201
"38003","SE",555
"38005","NE",623
"38007","W",69
"38009","NW",364
"38011","SW",141
"38013","NW",467
"38015","DR",502
"38017","S",1107
"38019","NE",611
"38021","SE",438
"38023","NW",625
"38025","SW",407
"38027","NE",292
"38029","SE",653
"38031","NE",184
"38033","SW",196
"38035","ST",433
"38037","SW",555
"38039","NE",220
"38041","SW",419
"38043","SE",559
"38045","SE",463
"38047","SE",389
"38049","N",409
"38051","SE",605
"38053","NW",777
"38055","NW",768
"38057","SW",310
"38059","ST",401
"38061","NW",774
"38063","NE",454
"38065","SW",291
"38067","NE",404
"38069","NE",417
"38071","NE",628
"38073","SE",294
"38075","NW",315
"38077","SE",498
"38079","NE",421
"38081","SE",357
"38083","NE",329
"38085","ST",111
"38087","SW",110
"38089","SW",840
"38091","NE",120
"38093","SE",1037
"38095","NE",395
"38097","NE",194
"38099","NE",495
"38101","NW",679
"38103","NE",411
"38105","NW",891
"39001","RD",719
"39003","ST",544
"39005","ST",255
"39007","RD",604
"39009","RD",807
"39011","ST",453
"39013","RD",1021
"39015","RD",629
"39017","DR",2008
"39019","SW",269
"39021","RD",349
"39023","DR",593
"39025","DR",1130
"39027","RD",327
"39029","ST",941
"39031","ST",307
"39033","ST",382
"39035","DR",3219
"39037","RD",548
"39039","RD",326
"39041","DR",1419
"39043","ST",445
"39045","ST",551
"39047","ST",182
"39049","DR",5170
"39051","ST",286
"39053","RD",747
"39055","DR",639
"39057","DR",1364
"39059","RD",693
"39061","DR",2470
"39063","ST",453
"39065","ST",446
"39067","RD",657
"39069","ST",314
"39071","RD",524
"39073","RD",717
"39075","ST",207
"39077","ST",456
"39079","RD",642
"39081","ST",646
"39083","RD",579
"39085","DR",1339
"39087","ST",467
"39089","DR",779
"39091","ST",497
"39093","DR",1100
"39095","DR",1777
"39097","RD",244
"39099","AVE",1203
"39101","ST",402
"39103","DR",991
"39105","RD",641
"39107","ST",440
"39109","ST",540
"39111","RD",460
"39113","DR",2497
"39115","RD",553
"39117","RD",381
"39119","RD",889
"39121","RD",693
"39123","DR",584
"39125","ST",292
"39127","ST",435
"39129","RD",397
"39131","RD",489
"39133","DR",794
"39135","RD",428
"39137","ST",511
"39139","RD",748
"39141","RD",603
"39143","ST",471
"39145","RD",770
"39147","ST",495
"39149","RD",373
"39151","NW",3413
"39153","DR",2618
"39155","RD",646
"39157","ST",626
"39159","RD",328
"39161","RD",378
"39163","RD",455
"39165","DR",1358
"39167","RD",956
"39169","RD",607
"39171","ST",501
"39173","RD",762
"39175","ST",222
"40001","RD",860
"40003","RD",756
"40005","RD",1060
"40007","ST",59
"40009","RD",492
"40011","RD",793
"40013","RD",1193
"40015","RD",604
"40017","ST",908
"40019","RD",795
"40021","RD",1577
"40023","RD",716
"40025","RD",819
"40027","ST",1752
"40029","RD",401
"40031","RD",1107
"40033","AVE",115
"40035","RD",911
"40037","AVE",983
"40039","RD",772
"40041","RD",2148
"40043","RD",465
"40045","RD",613
"40047","RD",965
"40049","RD",782
"40051","RD",966
"40053","RD",515
"40055","RD",315
"40057","RD",210
"40059","RD",599
"40061","RD",472
"40063","RD",670
"40065","ST",359
"40067","RD",344
"40069","RD",457
"40071","RD",617
"40073","RD",384
"40075","RD",439
"40077","RD",561
"40079","RD",927
"40081","RD",1371
"40083","RD",872
"40085","RD",622
"40087","ST",625
"40089","RD",579
"40091","RD",1128
"40093","RD",394
"40095","RD",583
"40097","RD",1083
"40099","RD",487
"40101","ST",888
"40103","RD",482
"40105","RD",449
"40107","RD",519
"40109","ST",4667
"40111","RD",1271
"40113","RD",756
"40115","RD",747
"40117","RD",800
"40119","RD",823
"40121","RD",1439
"40123","RD",788
"40125","RD",1282
"40127","RD",464
"40129","RD",536
"40131","RD",1318
"40133","RD",629
"40135","RD",1640
"40137","RD",731
"40139","RD",878
"40141","RD",326
"40143","ST",7551
"40145","AVE",1114
"40147","RD",684
"40149","RD",581
"40151","RD",290
"40153","RD",589
"41001","RD",622
"41003","DR",453
"41005","RD",1991
"41007","RD",687
"41009","RD",632
"41011","RD",1074
"41013","RD",720
"41015","RD",418
"41017","RD",1314
"41019","SP",1598
"41021","RD",156
"41023","RD",773
"41025","RD",557
"41027","RD",238
"41029","RD",1115
"41031","RD",738
"41033","RD",746
"41035","FS",9951
"41037","RD",651
"41039","ST",2523
"41041","ST",1087
"41043","ST",723
"41045","RD",781
"41047","NE",2549
"41049","RD",331
"41051","AVE",3751
"41053","NW",686
"41055","RD",142
"41057","RD",768
"41059","RD",1504
"41061","RD",379
"41063","RD",452
"41065","RD",850
"41067","AVE",2117
"41069","RD",140
"41071","ST",1095
"42001","RD",798
"42003","ST",7279
"42005","RD",1547
"42007","ST",1456
"42009","RD",1757
"42011","RD",2285
"42013","LN",1133
"42015","RD",2213
"42017","RD",2940
"42019","LN",1625
"42021","ST",1928
"42023","RD",285
"42025","ST",683
"42027","RD",1426
"42029","RD",2619
"42031","RD",948
"42033","RD",2165
"42035","LN",849
"42037","RD",1008
"42039","RD",1433
"42041","DR",1395
"42043","ST",2222
"42045","RD",3451
"42047","RD",898
"42049","DR",1256
"42051","RD",2036
"42053","RD",447
"42055","RD",1205
"42057","RD",386
"42059","RD",1001
"42061","RD",1128
"42063","RD",1430
"42065","RD",1171
"42067","RD",656
"42069","ST",1851
"42071","RD",2389
"42073","RD",805
"42075","ST",1324
"42077","ST",3731
"42079","ST",3167
"42081","RD",1727
"42083","RD",639
"42085","RD",1117
"42087","LN",869
"42089","RD",1959
"42091","RD",3752
"42093","RD",344
"42095","ST",2125
"42097","ST",1306
"42099","RD",764
"42101","ST",6187
"42103","RD",1247
"42105","RD",780
"42107","ST",2462
"42109","RD",1028
"42111","RD",1786
"42113","RD",560
"42115","RD",1327
"42117","RD",1525
"42119","RD",506
"42121","RD",910
"42123","RD",600
"42125","ST",1966
"42127","RD",1334
"42129","ST",3085
"42131","RD",503
"42133","RD",2931
"44001","ST",317
"44003","ST",1092
"44005","RD",522
"44007","ST",4082
"44009","RD",1420
"45001","RD",506
"45003","RD",1629
"45005","RD",298
"45007","RD",1981
"45009","RD",472
"45011","RD",390
"45013","DR",1922
"45015","LN",2487
"45017","LN",271
"45019","RD",2674
"45021","RD",840
"45023","RD",708
"45025","RD",1021
"45027","RD",699
"45029","LN",842
"45031","DR",964
"45033","DR",326
"45035","LN",830
"45037","RD",354
"45039","RD",498
"45041","RD",1335
"45043","DR",743
"45045","DR",2774
"45047","RD",751
"45049","RD",485
"45051","DR",2570
"45053","RD",516
"45055","RD",871
"45057","RD",898
"45059","RD",1162
"45061","RD",481
"45063","CT",1651
"45065","RD",478
"45067","RD",740
"45069","RD",436
"45071","RD",718
"45073","DR",2721
"45075","RD",1314
"45077","DR",1287
"45079","RD",2516
"45081","RD",582
"45083","RD",2607
"45085","RD",911
"45087","RD",489
"45089","RD",603
"45091","RD",1541
"46003","ST",290
"46005","ST",318
"46007","ST",32
"46009","ST",292
"46011","ST",348
"46013","ST",695
"46015","ST",251
"46017","RD",48
"46019","RD",370
"46021","ST",172
"46023","ST",373
"46025","ST",183
"46027","ST",263
"46029","ST",262
"46031","ST",121
"46033","RD",475
"46035","ST",288
"46037","ST",379
"46039","ST",187
"46041","ST",79
"46043","ST",180
"46045","AVE",411
"46047","RD",368
"46049","ST",310
"46051","ST",242
"46053","ST",438
"46055","ST",175
"46057","ST",225
"46059","ST",344
"46061","ST",183
"46063","RD",135
"46065","AVE",285
"46067","ST",403
"46069","ST",149
"46071","RD",159
"46073","ST",160
"46075","AVE",109
"46077","ST",308
"46079","AVE",221
"46081","RD",546
"46083","ST",600
"46085","ST",306
"46087","AVE",200
"46089","ST",319
"46091","ST",270
"46093","RD",484
"46095","ST",84
"46097","ST",215
"46099","ST",1132
"46101","ST",214
"46102","RD",249
"46103","RD",879
"46105","RD",151
"46107","ST",261
"46109","ST",321
"46111","ST",249
"46115","ST",552
"46117","ST",81
"46119","ST",181
"46121","ST",115
"46123","ST",574
"46125","ST",284
"46127","ST",362
"46129","ST",331
"46135","ST",364
"46137","RD",60
"47001","LN",906
"47003","RD",531
"47005","RD",470
"47007","RD",680
"47009","DR",1065
"47011","NW",670
"47013","LN",1096
"47015","LN",441
"47017","RD",413
"47019","RD",1152
"47021","RD",558
"47023","RD",249
"47025","LN",687
"47027","RD",533
"47029","WAY",972
"47031","RD",636
"47033","RD",340
"47035","RD",842
"47037","DR",2914
"47039","RD",390
"47041","RD",520
"47043","RD",881
"47045","RD",453
"47047","DR",403
"47049","RD",639
"47051","LN",868
"47053","RD",644
"47055","RD",1005
"47057","RD",460
"47059","RD",815
"47061","RD",437
"47063","DR",537
"47065","DR",1860
"47067","RD",471
"47069","RD",378
"47071","LN",641
"47073","RD",1121
"47075","RD",385
"47077","RD",491
"47079","RD",574
"47081","RD",740
"47083","RD",273
"47085","RD",385
"47087","LN",516
"47089","RD",641
"47091","RD",498
"47093","LN",2719
"47095","RD",109
"47097","RD",384
"47099","RD",892
"47101","RD",506
"47103","RD",640
"47105","RD",503
"47107","RD",692
"47109","RD",488
"47111","RD",351
"47113","DR",725
"47115","RD",731
"47117","RD",547
"47119","RD",742
"47121","LN",253
"47123","RD",904
"47125","DR",1166
"47127","RD",255
"47129","RD",821
"47131","RD",754
"47133","LN",587
"47135","RD",392
"47137","RD",353
"47139","RD",386
"47141","RD",865
"47143","LN",633
"47145","RD",836
"47147","RD",707
"47149","DR",1642
"47151","RD",595
"47153","RD",441
"47155","WAY",1610
"47157","DR",4411
"47159","LN",634
"47161","RD",447
"47163","DR",1381
"47165","DR",985
"47167","RD",496
"47169","LN",149
"47171","RD",816
"47173","RD",496
"47175","RD",320
"47177","RD",665
"47179","RD",1166
"47181","RD",695
"47183","RD",687
"47185","RD",569
"47187","DR",1342
"47189","DR",783
"48001","ST",456
"48003","ST",120
"48005","RD",937
"48007","ST",388
"48009","RD",261
"48011","ST",100
"48013","ST",353
"48015","RD",567
"48017","ST",73
"48019","RD",582
"48021","RD",618
"48023","RD",169
"48025","ST",465
"48027","DR",2399
"48029","DR",4981
"48031","RD",409
"48033","RD",25
"48035","ST",298
"48037","ST",938
"48039","DR",1996
"48041","DR",951
"48043","RD",312
"48045","ST",41
"48047","ST",150
"48049","ST",405
"48051","ST",235
"48053","DR",707
"48055","ST",355
"48057","ST",371
"48059","ST",272
"48061","ST",1779
"48063","ST",95
"48065","ST",136
"48067","ST",367
"48069","ST",126
"48071","RD",407
"48073","ST",526
"48075","NW",36
"48077","RD",372
"48079","ST",90
"48081","RD",226
"48083","ST",291
"48085","DR",7507
"48087","ST",77
"48089","RD",619
"48091","DR",1124
"48093","ST",233
"48095","ST",116
"48097","ST",425
"48099","ST",413
"48101","ST",60
"48103","ST",102
"48105","ST",91
"48107","RD",67
"48109","RD",162
"48111","ST",120
"48113","DR",10512
"48115","ST",140
"48117","ST",168
"48119","ST",80
"48121","DR",5002
"48123","RD",477
"48125","ST",67
"48127","ST",237
"48129","ST",269
"48131","ST",199
"48133","ST",444
"48135","AVE",843
"48137","RD",74
"48139","RD",1049
"48141","DR",3934
"48143","ST",252
"48145","ST",315
"48147","ST",588
"48149","RD",602
"48151","ST",115
"48153","ST",248
"48155","ST",80
"48157","LN",4144
"48159","ST",106
"48161","ST",240
"48163","ST",259
"48165","ST",102
"48167","DR",1687
"48169","ST",58
"48171","RD",597
"48173","RD",31
"48175","RD",172
"48177","ST",256
"48179","ST",368
"48181","RD",1356
"48183","ST",1163
"48185","LN",319
"48187","LN",585
"48189","ST",541
"48191","ST",191
"48193","ST",238
"48195","ST",81
"48197","RD",228
"48199","RD",809
"48201","DR",17924
"48203","RD",742
"48205","RD",64
"48207","ST",133
"48209","DR",1072
"48211","ST",83
"48213","DR",1013
"48215","ST",4832
"48217","ST",484
"48219","RD",265
"48221","CT",1124
"48223","ST",246
"48225","ST",294
"48227","ST",408
"48229","RD",201
"48231","ST",749
"48233","ST",505
"48235","RD",139
"48237","RD",366
"48239","ST",283
"48241","ST",276
"48243","RD",156
"48245","ST",1537
"48247","RD",99
"48249","ST",417
"48251","ST",914
"48253","ST",292
"48255","ST",305
"48257","ST",713
"48259","RD",410
"48261","RD",29
"48263","ST",33
"48265","RD",663
"48267","RD",206
"48269","ST",20
"48271","ST",108
"48273","ST",200
"48275","ST",164
"48277","ST",372
"48279","ST",235
"48281","ST",217
"48283","ST",178
"48285","ST",385
"48287","ST",197
"48289","ST",237
"48291","ST",550
"48293","ST",421
"48295","ST",110
"48297","ST",158
"48299","DR",400
"48301","ST",11
"48303","ST",2515
"48305","ST",97
"48307","ST",295
"48309","DR",1400
"48311","RD",105
"48313","LN",211
"48315","RD",304
"48317","ST",104
"48319","RD",327
"48321","RD",505
"48323","ST",325
"48325","ST",192
"48327","RD",101
"48329","DR",508
"48331","ST",404
"48333","ST",90
"48335","ST",219
"48337","RD",650
"48339","DR",3508
"48341","ST",129
"48343","ST",250
"48345","ST",43
"48347","ST",536
"48349","ST",531
"48351","RD",151
"48353","ST",284
"48355","DR",2357
"48357","ST",118
"48359","ST",99
"48361","ST",1134
"48363","RD",487
"48365","ST",240
"48367","DR",806
"48369","ST",105
"48371","ST",399
"48373","RD",978
"48375","ST",683
"48377","ST",258
"48379","ST",39
"48381","DR",587
"48383","RD",167
"48385","RD",178
"48387","ST",337
"48389","ST",310
"48391","ST",228
"48393","RD",78
"48395","ST",442
"48397","DR",939
"48399","ST",278
"48401","ST",561
"48403","DR",429
"48405","ST",124
"48407","RD",621
"48409","ST",569
"48411","ST",178
"48413","ST",72
"48415","ST",218
"48417","ST",109
"48419","ST",273
"48421","ST",73
"48423","DR",1342
"48425","ST",68
"48427","ST",936
"48429","ST",152
"48431","P",69
"48433","ST",45
"48435","ST",109
"48437","ST",91
"48439","DR",10200
"48441","ST",980
"48443","RD",148
"48445","ST",237
"48447","RD",120
"48449","ST",271
"48451","ST",868
"48453","DR",5163
"48455","RD",618
"48457","RD",219
"48459","RD",677
"48461","ST",82
"48463","ST",318
"48465","ST",520
"48467","ST",410
"48469","ST",665
"48471","RD",609
"48473","RD",481
"48475","ST",325
"48477","LN",410
"48479","DR",760
"48481","ST",656
"48483","ST",209
"48485","ST",742
"48487","ST",212
"48489","ST",205
"48491","DR",2402
"48493","DR",310
"48495","ST",158
"48497","ST",532
"48499","ST",429
"48501","ST",98
"48503","RD",406
"48505","ST",173
"48507","ST",223
"49001","ST",167
"49003","RD",693
"49005","N",757
"49007","RD",1067
"49009","RD",235
"49011","W",1648
"49013","W",428
"49015","RD",263
"49017","RD",285
"49019","CANYON",300
"49021","W",674
"49023","RD",348
"49025","RD",332
"49027","ST",424
"49029","RD",83
"49031","RD",134
"49033","CIR",105
"49035","S",6684
"49037","RD",763
"49039","ST",392
"49041","RD",451
"49043","RD",636
"49045","RD",1774
"49047","RD",669
"49049","ST",5352
"49051","RD",313
"49053","DR",1350
"49055","RD",351
"49057","ST",1870
"50001","RD",1008
"50003","RD",1107
"50005","RD",940
"50007","RD",1170
"50009","RD",447
"50011","RD",1077
"50013","RD",217
"50015","RD",767
"50017","RD",1303
"50019","RD",923
"50021","RD",1335
"50023","RD",1618
"50025","RD",1783
"50027","RD",2139
"51001","LN",608
"51003","LN",929
"51005","RD",206
"51007","LN",174
"51009","RD",584
"51011","LN",253
"51013","ST",820
"51015","LN",1252
"51017","RD",266
"51019","RD",889
"51021","LN",109
"51023","RD",404
"51025","RD",297
"51027","RD",1514
"51029","RD",323
"51031","RD",523
"51033","RD",296
"51035","RD",778
"51036","RD",97
"51037","LN",518
"51041","DR",1762
"51043","LN",472
"51045","RD",196
"51047","LN",622
"51049","RD",238
"51051","RD",401
"51053","RD",310
"51057","RD",291
"51059","CT",5053
"51061","LN",795
"51063","NE",210
"51065","LN",292
"51067","LN",1008
"51069","LN",754
"51071","LN",323
"51073","LN",645
"51075","RD",410
"51077","LN",813
"51079","RD",258
"51081","RD",143
"51083","RD",383
"51085","LN",844
"51087","CT",1558
"51089","DR",751
"51091","RD",173
"51093","LN",336
"51095","RD",372
"51097","RD",228
"51099","DR",267
"51101","RD",199
"51103","LN",369
"51105","DR",852
"51107","CT",1589
"51109","RD",449
"51111","RD",327
"51113","RD",257
"51115","LN",215
"51117","RD",528
"51119","RD",218
"51121","RD",567
"51125","LN",566
"51127","RD",325
"51131","LN",285
"51133","LN",430
"51135","RD",314
"51137","RD",429
"51139","RD",524
"51141","RD",485
"51143","RD",945
"51145","RD",226
"51147","RD",399
"51149","DR",236
"51153","CT",2191
"51155","RD",354
"51157","LN",563
"51159","RD",132
"51161","DR",760
"51163","LN",1168
"51165","LN",1009
"51167","RD",626
"51169","DR",606
"51171","RD",579
"51173","LN",453
"51175","RD",225
"51177","LN",964
"51179","LN",755
"51181","RD",108
"51183","RD",200
"51185","RD",1000
"51187","RD",494
"51191","DR",676
"51193","RD",275
"51195","RD",1081
"51197","RD",490
"51199","RD",400
"51510","ST",339
"51520","ST",177
"51530","ST",107
"51540","ST",172
"51550","CT",1173
"51570","AVE",168
"51580","AVE",91
"51590","ST",373
"51595","ST",114
"51600","DR",109
"51610","ST",92
"51620","ST",92
"51630","ST",159
"51640","ST",109
"51650","DR",580
"51660","ST",141
"51670","AVE",195
"51678","ST",69
"51680","ST",557
"51683","CT",204
"51685","CT",77
"51690","ST",260
"51700","DR",675
"51710","AVE",877
"51720","NW",67
"51730","ST",320
"51735","DR",89
"51740","ST",429
"51750","ST",160
"51760","ST",1032
"51770","NW",626
"51775","ST",178
"51790","ST",302
"51800","DR",345
"51810","CT",2511
"51820","AVE",182
"51830","ST",71
"51840","ST",142
"53001","RD",837
"53003","ST",143
"53005","ST",1166
"53007","RD",1795
"53009","RD",1026
"53011","ST",4386
"53013","RD",241
"53015","RD",849
"53017","NE",543
"53019","RD",878
"53021","RD",472
"53023","RD",166
"53025","NE",885
"53027","ST",939
"53029","LN",1136
"53031","ST",662
"53033","ST",11919
"53035","NE",1336
"53037","RD",759
"53039","RD",960
"53041","RD",1103
"53043","RD",682
"53045","RD",793
"53047","RD",1845
"53049","ST",516
"53051","RD",522
"53053","E",10284
"53055","LN",663
"53057","LN",850
"53059","RD",717
"53061","SE",5449
"53063","RD",2780
"53065","RD",1241
"53067","SE",3658
"53069","RD",190
"53071","RD",618
"53073","ST",1086
"53075","RD",997
"53077","RD",1567
"54001","RD",415
"54003","DR",992
"54005","RD",710
"54007","RD",712
"54009","ST",230
"54011","RD",976
"54013","RD",279
"54015","RD",444
"54017","RD",340
"54019","RD",1231
"54021","RD",260
"54023","RD",256
"54025","RD",977
"54027","RD",927
"54029","ST",394
"54031","RD",580
"54033","ST",959
"54035","RD",720
"54037","LN",669
"54039","RD",2048
"54041","RD",418
"54043","RD",700
"54045","RD",1073
"54047","RD",914
"54049","ST",757
"54051","RD",290
"54053","RD",638
"54055","RD",1202
"54057","RD",425
"54059","RD",495
"54061","RD",1020
"54063","RD",652
"54065","LN",801
"54067","RD",988
"54069","ST",367
"54071","RD",368
"54073","RD",265
"54075","RD",511
"54077","RD",756
"54079","RD",598
"54081","RD",939
"54083","RD",483
"54085","RD",346
"54087","RD",360
"54089","RD",580
"54091","RD",308
"54093","RD",304
"54095","RD",273
"54097","RD",505
"54099","RD",798
"54101","RD",326
"54103","RD",349
"54105","RD",186
"54107","ST",887
"54109","RD",795
"55001","AVE",351
"55003","RD",755
"55005","ST",1324
"55007","RD",1495
"55009","CT",920
"55011","RD",538
"55013","RD",883
"55015","RD",343
"55017","ST",1434
"55019","RD",780
"55021","RD",814
"55023","RD",521
"55025","RD",2223
"55027","RD",936
"55029","RD",854
"55031","RD",1380
"55033","ST",868
"55035","RD",597
"55037","RD",489
"55039","ST",651
"55041","RD",564
"55043","ST",819
"55045","RD",478
"55047","ST",276
"55049","RD",538
"55051","RD",556
"55053","RD",899
"55055","ST",593
"55057","RD",572
"55059","AVE",1248
"55061","RD",258
"55063","RD",706
"55065","RD",397
"55067","RD",549
"55069","RD",760
"55071","ST",642
"55073","ST",1008
"55075","RD",1198
"55077","ST",189
"55078","RD",219
"55079","ST",3173
"55081","AVE",747
"55083","LN",1100
"55085","RD",1380
"55087","ST",1045
"55089","CT",556
"55091","LN",179
"55093","ST",800
"55095","ST",927
"55097","RD",536
"55099","RD",737
"55101","DR",835
"55103","LN",636
"55105","DR",961
"55107","RD",584
"55109","ST",804
"55111","RD",802
"55113","RD",1207
"55115","RD",718
"55117","ST",568
"55119","RD",265
"55121","RD",688
"55123","RD",768
"55125","RD",1527
"55127","RD",865
"55129","RD",772
"55131","DR",922
"55133","DR",2601
"55135","RD",993
"55137","AVE",289
"55139","ST",714
"55141","ST",583
"56001","RD",700
"56003","ST",204
"56005","RD",517
"56007","ST",474
"56009","RD",317
"56011","RD",505
"56013","RD",777
"56015","RD",172
"56017","RD",207
"56019","RD",307
"56021","RD",830
"56023","RD",420
"56025","RD",859
"56027","RD",178
"56029","RD",476
"56031","RD",478
"56033","RD",408
"56035","RD",488
"56037","ST",428
"56039","RD",875
"56041","RD",198
"56043","RD",282
"56045","RD",209
"60010","001",10
"60020","20",3
"60050","RD",11
"66010","ST",1213
"69100","RD",13
"69110","DR",171
"69120","BROADWAY",3
"72001","10",10
"72003","VECINAL",63
"72005","NOMBRE",21
"72007","781",8
"72009","FLORES",7
"72011","A",47
"72013","2",96
"72015","3",23
"72017","4",19
"72019","TORRES",16
"72021","1",110
"72023","NOMBRE",75
"72025","ST",229
"72027","RIVERA",14
"72029","1",43
"72031","1",43
"72033","INTERIOR",29
"72035","2",27
"72037","DR",26
"72039","A",10
"72041","CAMINO",25
"72043","2",28
"72045","782",8
"72047","VECINAL",80
"72049","FONT",9
"72051","2",23
"72053","3",41
"72054","CHIMENEA",15
"72055","2",35
"72057","VECINAL",40
"72059","PASTO",143
"72061","1",42
"72063","2",28
"72065","2",75
"72067","ENTRADA",15
"72069","2",36
"72071","1",20
"72073","143",21
"72075","1",60
"72077","3",20
"72079","1",14
"72081","431",12
"72083","SUR",14
"72085","VECINAL",20
"72087","1",20
"72089","2",19
"72091","VECINAL",19
"72093","PANORAMICA",12
"72095","PRIV",21
"72097","ORTIZ",28
"72099","NOMBRE",74
"72101","CAM",90
"72103","CSN",25
"72105","FERRER",19
"72107","143",36
"72109","3",16
"72111","1",20
"72113","2",83
"72115","NIEVES",15
"72117","SALIDA",35
"72119","CSN",45
"72121","2",15
"72123","1",38
"72125","2",22
"72127","1",127
"72129","NOMBRE",42
"72131","NOMBRE",52
"72133","1",30
"72135","1",55
"72137","2",27
"72139","2",55
"72141","A",32
"72143","VECINAL",157
"72145","A",25
"72147","NOMBRE",13
"72149","C",18
"72151","PRIV",45
"72153","1",20
"78010","RD",199
"78020","RD",86
"78030","RD",203
